title_si,title_en,singer_si,singer_en,lyricist_si,lyricist_en,composer_si,composer_en,genre_si,genre_en,views,shares,lyrics
වන බඹරෝ,Wana Bambaro,"['ඇනස්ලි මාලවන', 'ක්ලැරන්ස් විජේවර්ධන']","['Annesley Malawana', 'Clarence Wijewardena']",['ක්ලැරන්ස් විජේවර්ධන'],['ක්ලැරන්ස් විජේවර්ධන'],['ක්ලැරන්ස් විජේවර්ධන'],['ක්ලැරන්ස් විජේවර්ධන'],"['කැලිප්සෝ', 'පැරණි පොප්']","['කැලිප්සෝ', 'පැරණි පොප්']",2167,0,වන බඹරෝ වන බඹරෝ\nරෝස මලක් පිපිලා බඹරෝ\nවන බඹරෝ වන බඹරෝ\nරොන් ගෙන ආ හැකි වන බඹරෝ\nරීයෙ උදේමයි මල පිපුණේ\nතව නෑ රොන් මල තුල පිරුණේ\nටික දවසක් යන තුරු සෙවණේ\nමල පිපුනාවේ මද පවනේ\nවෙන මල් වෙත මා නැත යන්නේ\nරෝස මලයි මගෙ සිත බැන්දේ\nසමනලයින් ඒ බව දන්නේ\nඒ ගැන නෑ මා වෙහෙසෙන්නේ\n
වලාකුළක් පලා,Walakulak Pala,['මිල්ටන් පෙරේරා'],['Milton Perera'],['කරුණාරත්න අබේසේකර'],['කරුණාරත්න අබේසේකර'],['උපේන්ද්\u200dර ප්\u200dරනාන්දු'],['උපේන්ද්\u200dර ප්\u200dරනාන්දු'],['ගෝල්ඩන් පොප්'],['ගෝල්ඩන් පොප්'],1451,7,වලාකුළක් පලා අම්බරේ\nසිනා නගන සඳේ කැන් පිරේ\nඔබෙ මුහුණ දකින වරේ හදේ අඳුර තුරන් කෙරේ\nපසළොස්වක පොහොය මට අදයි\nපසළොස්වක පොහොය මට අදයි\nදස දහසක් සුර ලඳුන් මැද\nපරසතු මල් සුවඳ විඳ විඳ\nසිටියත් ඔබ ලඟින් නැති සඳ\nමට සක් දෙවි පදවි කුමටද\nවසන්තයේ ධජ නංවාලා\nකසුන් අසුන් මත රැන්දීලා\nසුව වින්දත් ඔබ නැතිවීලා\nමට පළ නැත කිරුළ දරාලා\n
වක්කඩ ලඟ දිය,Wakkada Langa,[],[],[],[],[],[],[],[],19778,5,වක්කඩ ලඟ දිය වැටෙන තාලයට\nතිත්ත පැටව් උඩ පැන නැටුවා\nවැස්ස වහින්නට ඉස්සර අහසේ\nවලාකුලෙන් විදුලිය කෙටුවා\nකිව්වට වස් නැත නිල් නිල් පාටින්\nකටරොළු මල් වැට වට කෙරුවා\nතුන් දවසක් අමනාපෙන් සිටි කලු\nනෝක්කාඩු බැල්මෙන් බැලුවා\nගල මතුපිට මල පිපෙන්න\nමල වට බඹරිඳූ නටන්න\nවැහි වැහැලා ගඟ පිරෙන්න\nගඟ උතුරා හිත පිරෙන්න\nගල මතුපිට මල පිපෙන්න\nමල වට බඹරිඳූ නටන්න\nවැහි වැහැලා ගඟ පිරෙන්න\nගඟ උතුරා හිත පිරෙන්න\nගලා හැලෙන වැහි වතුර වගේ නුඹ\nහිනාවෙයන් කලු හිනාවෙයන්\nවෙලා මගේ හිත ඉනාවකින් තව\nහිනාවෙයන් කලු හිනාවෙයන්\n
වියෝ ගී ගැයෙනා,Viyo Gee Gayena,['නීලා වික්\u200dරමසිංහ'],['Neela Wickramasinghe'],['සුනිල් ආරියරත්න'],['සුනිල් ආරියරත්න'],['නිමල් මෙන්ඩිස්'],['නිමල් මෙන්ඩිස්'],['චිත්රපට ගීත'],['චිත්රපට ගීත'],2131,0,වියෝ ගී ගැයෙනා හදේ ආදර මල් නොමියේ\nසදා මේ සංසාරේ අපේ හමුවීම නොවේ\nඅතීතයේ මායා රූ කැඩී බිඳී යාවී\nඅනාත වූ මා දෑසේ කතා නිමා වේවී\nමගේ කදුළු හංගා මා සිනා සිසී ඉන්නේ\nඔබේ ලොවේ හිරු පායා සදා සිනාසේවා\nඅනාගතේ සිහිනේ නෑ මෙදා සැබෑ වන්නේ\nමිලාන වූ ආකාසේ අපේ පැතුම් පාවේ\nමගේ පැලේ තනි වී මා සුසුම් හෙලන වේලේ\nඔබේ ලොවේ හිරු පායා සදා සිනාසේවා\n
වළා තීරයෙන්,Wala Theerayen,['ටී.එම්.ජයරත්න'],['T.M.Jayarathna'],['අජන්තා රණසිංහ'],['අජන්තා රණසිංහ'],['ප්\u200dරේමසිරි කේමදාස'],['ප්\u200dරේමසිරි කේමදාස'],"['සම්භාව්ය', 'පැරණි පොප්']","['සම්භාව්ය', 'පැරණි පොප්']",2231,0,වළා තීරයෙන් එහා  කොහේද ලෝකයක්\nසොයා ඇදෙන් පැතුම් බිඟුන්\nඅපේම ලෝකයක්… අපේම ලෝකයක්\nතරංඟයක් ලෙසින් අදී\nබිදී නොයන් සිතින්..\nවසන්තයක් ලෙසින් උදාව\nඑන්න ජීවිතෙන්...\nසිහිල් සහන් සුසුන් සරින්\nපවන් රොදක් ලෙසින්...\nනැවුම් පැතුම් අරන් වඩින්න\nපෙම් උයන් දොරින්..\n
වැහිදිය මහබිම,Wahi Diya Mahabima,['දීපිකා ප්\u200dරියදර්ශනී'],['Deepika Priyadarshani'],['Nuwan Liyange'],['Nuwan Liyange'],['රෝහණ වීරසිංහ'],['රෝහණ වීරසිංහ'],['නව පොප්'],['නව පොප්'],490,6,වැහිදිය මහබිම තෙමුවට බිමතෙමන්නෙ වැහිවිතරද\nරෑ අහසේ තරු තිබුණට තරු තියෙන්නෙ රෑ විතරද\nවිහඟුන් පෙම් ගී ගැයුවට ගී කියන්නෙ උන් විතරද\nමට නුඹ විතරක් වුණාට නුඹට ඉන්නෙ මං විතරද\nරෝස පතක කවි ලීවේ සුවඳ දිදී තියාගන්න\nමේ විදිහට ගී ගැයුවේ ඉන්න තැනකදී ඇහෙන්න\nමේ විදිහට ගී ගැයුවේ ඉන්න තැනකදී ඇහෙන්න\nරෑ අහසේ තරු තිබුණට තරු තියෙන්නෙ රෑ විතරද\nමට නුඹ විතරක් උණාට නුඹට ඉන්නෙ මං විතරද\nඋස අත්තක මලක් වුණේ ගව් ගණනක් උඩින් ඉන්න\nඅවසානේ උරුම වුණේ මල් පොකුරක එකක් වෙන්න\nඅවසානේ උරුම වුණේ මල් පොකුරක එකක් වෙන්න\n
වියෝ වූ පසුවයි,Viyo Vu Pasuvayi,['සුනිල් එදිරිසිංහ'],['Sunil Edirisinghe'],['බන්දුල නානායක්කාරවසම්'],['බන්දුල නානායක්කාරවසම්'],['රෝහණ වීරසිංහ'],['රෝහණ වීරසිංහ'],['නව පොප්'],['නව පොප්'],1344,4,වියෝ වූ පසුවයි දැනෙන්නේ\nප්‍රේමයේ අභිමන්..\nහැඩූදා කඳුලයි දකින්නේ\nසිනාවේ සරදම්\nඉවුරු දෑලේ හිද බැලූ විට\nගඟ හැඩයි කදිමයි\nදියට වන් විට එවන් ගගුලම\nබිහිසුනුයි චණ්ඩයි\nහඳක් නැති දා අහස් තලයට\nතරුව දෙයි සැනසුම්\nපුන් පොහෝදා එවන් තරුවම\nලබන්නේ ගැරහුම්\n
විශාකාව ඔබ,Vishakawa oba,['විජේසිරිවර්ධන පොළොන්නෝවිට'],['Wijesiriwardana Polonnowita'],['ප්\u200dරේමකීර්ති ද අල්විස්'],['ප්\u200dරේමකීර්ති ද අල්විස්'],['එම්.කේ.රොක්සාමි'],['එම්.කේ.රොක්සාමි'],"['සම්භාව්ය', 'ඉල්ලීම']","['සම්භාව්ය', 'ඉල්ලීම']",2307,0,විශාකාව ඔබ මා දුටු බුදු සිරිතේ\nයශෝධරා ඔබ මා දුටු බුදු සිරිතේ\nමහමායා ඔබ මා දුටු බුදු සිරිතේ\nමා දුටු බුදු සිරිතේ\nදෙදෙනෙකුගේ කුස ගින්දර\nඑක කුසකට දැනුණා නම්\nදෙහිතක ඇති දුක් ගින්දර\nඑක හිතකට දැනුණා නම්\nකිරි බිඳ බිඳ දෙතොලක තවරාලා\nඉර සඳ තරු පෙන්වා දීලා\nමිනිසෙකු වන සැටි පහදා දී\nලෝකය හැදූ වැඩූ\nඅම්මා  ආ… අම්මා  අම්මා  ආ… අම්මා\n
විනෝද වෙන්න,Vinoda Wanna,"['මල්ලිකා කහවිට', 'මිල්ටන් පෙරේරා']","['Mallika Kahawita', 'Milton Perera']",['කරුණාරත්න අබේසේකර'],['කරුණාරත්න අබේසේකර'],['ආර්.මුත්තුසාමි'],['ආර්.මුත්තුසාමි'],"['යුගල', 'ගෝල්ඩන් ඕල්ඩීස්', 'චිත්රපට ගීත']","['යුගල', 'ගෝල්ඩන් ඕල්ඩීස්', 'චිත්රපට ගීත']",575,5,විනෝද වෙන්න\nවිනෝද වෙන්න මේ වගේ තැනක් හම්බවෙයිද නෑනේ\nහිතේ තියෙන සංතෝසය කාටද ඕනේ\nඅපෙ හිතේ තියෙන සංතෝසය කාටද ඕනේ\nවිනෝද වෙන්න\nවිනෝද වෙන්න ඇඟ මහත්වෙන්න මොටද බෙහෙත් බොන්නේ\nහිනා වෙන්න හිනා වෙන්න එතකොට තරවෙන්නේ\nහෝ හිනා වෙන්න හිනා වෙන්න එතකොට තරවෙන්නේ\nතක්කිට තරිකිට දොමිකිට වදින රබානේ\nතක්කිට තරිකිට දොමිකිට වදින රබානේ\nගැහුවලු ඒ වගෙ පදයක් ගමක පුරාණේ\nමිණි කිංකිණි සළ සළ නටනව ගෑණු පරාණේ\nගෑණු උන්දෑ නටනකොටත් ඕන කිවුව බෙර පදේ\nකපුටු කාක් කාක් කියා කපුට කිවුව අද උදේ\nසංගීතය සන්තාපය මගහරවන්නේ\nසංගීතය සන්තාපය මගහරවන්නේ\nපාග පාග සනි පනි ගා රාගෙට එන්නේ\nමේ දුකෙන් තමයි ඔයයි මමයි ජීවත් වෙන්නේ\nසිංදු අහල නැටුම් බලල ඉන්න පිරිස මත්වෙලා\nසිංදු කියල නැටුම් නටල දැන් අපි හෙම්බත් වෙලා\n
විල්ලුද පුංචි දෙපා,Villuda Punchi Depa,"['එච්.ආර්.ජෝතිපාල', 'ලතා වල්පොල']","['H.R.Jothipala', 'Latha Walpola']",['අජන්තා රණසිංහ'],['අජන්තා රණසිංහ'],['සරත් ද අල්විස්'],['සරත් ද අල්විස්'],"['යුගල', 'චිත්රපට ගීත']","['යුගල', 'චිත්රපට ගීත']",1469,0,විල්ලුද පුංචි දෙපා කළුකර ගන්න එපා\nඅව්වට යන්න එපා දාවලේ\nඅවලස්සන වේවී සිරියාවී\nමට රිදවන්න එපා මග හැර යන්න එපා\nතරහා වෙන්න එපා මේවගේ\nඅනුකම්පා නැතිදෝ සිරියාවී\nමේ හැටි ආඩම්බරදෝ\nපූරුවේ පිනින් ලැබූ  මගෙ දේවී\nලා…..ලා ලා ලා ලා..ල ල ල ලා ලා\nලාඅ ආ.. ලාඅ ආ… ලාආ..\nඋදයට පින්න වගේ සයුරට රැල්ල වගේ\nඉන්නේ මං නේදෝ සීදේවී\nසිත වාවන්නෙ නැතේ දිවි නහගන්න සිතේ\nඩිංගක් හිනැහෙන්කෝ සීදේවී\nසරදම් චාටු කතා මට කීවාට ගොතා\nආයෙත් රැවටෙන්නෙ නෑ\nමායම් අරුමෝසම්  වරදීවී\nගිනියම් අව්ව වැදී හැඩ රුව යාවි මැකී\nමගෙ හිත ඒ හින්දා වැලපේවී\nසිරිපොද බිංදු වගේ දොතට එන්න මගේ\nමේ හිත ආදරයෙන් හිනැහේවී\nපියුමට සුවඳ වගේ සුවඳක පියුම වගේ\nසිතිවිලි අප දෙන්නාගේ\nදවසක මං ලොකේ රජ වේවී\n
විල් තෙරේ පියුම්,Vil There Piyum,['සෝමතිලක ජයමහ'],['Somathilaka Jayamaha'],['උපුල් ගුණවර්ධන'],['උපුල් ගුණවර්ධන'],['සෝමතිලක ජයමහ'],['සෝමතිලක ජයමහ'],['ගෝල්ඩන් පොප්'],['ගෝල්ඩන් පොප්'],732,4,විල් තෙරේ පියුම් පිපී සුගන්ධවත් වෙවී\nරැල් පවන් ගලා ප්‍රබෝධයෙන් ප්‍රබෝධ වී\nබිඟු නදින් විහඟ තුඩින් ගලා ගලා හැලී\nගීතයක් වෙලා හෙටත් නැගෙන් උදෑසනේ\nරන් කරල් නැමී සිරි බර වාසනා ගෙනී\nසත් මවන් සිනා දොර දොර වූ උදානිනී\nදෑතෙ වීරියෙන් දිනූ දා බිඳෙන් ඔපවුණූ\nඅභිමානවත් දැයක් රැගෙන වඩින් උදෑසනේ\nසිත් පිරී නිතින් යහගුණයෙන් උදාර වූ\nලොල් වඩන උපන් බිම වෙත වැනි නිධාන වූ\nසව් ලෙවන් පැතුම් තුලින් සුරන් දෙලින් වොරැඳුනූ\nයළි ජෝතිමත් දැයක් රැගෙන වඩින් උදෑසනේ\n
විකසිත වත කමලේ,Vikasitha Watha Kamale,['සනත් නන්දසිරි'],['Sanath Nandasiri'],['කැමිලස් පෙරේරා'],['කැමිලස් පෙරේරා'],['ක්ලැරන්ස් විජේවර්ධන'],['ක්ලැරන්ස් විජේවර්ධන'],['නව පොප්'],['නව පොප්'],2631,0,විකසිත වත කමලේ නෙත් බඹරුන් පැටලේ\nබැල්මට නෙතු සඟලේ සිත සිතුවිලි සසලේ\nලදුනේ මා දකිනා\nසිහිනේ හද සැලුනා\nවිකසිත වත කමලේ නෙත් බඹරුන් පැටලේ\nබැල්මට නෙතු සඟලේ සිත සිතුවිලි සසලේ\nඈත නීල අහසේ පාට දේදුණු දහසක්‌ පායාලා\nවාගෙ ජීවිතේ\nසැණකෙලියක්‌ වාගේ ඒ ආදරේ\nදෑස සිහින රේඛා කීවේ නෑසු රහසක්‌ කොඳුරාලා\nමාගෙ ජීවිතේ\nමල් උයනක්‌ වාගේ ඒ ආදරේ\n
විකසිත පැතුමන්,Vikasitha Pathuman,['මිල්ටන් මල්ලවාරච්චි'],['Milton Mallawarachchi'],['නොදන්නා'],['නොදන්නා'],['සරත් දසනායක'],['සරත් දසනායක'],"['චිත්රපට ගීත', 'ඉල්ලීම']","['චිත්රපට ගීත', 'ඉල්ලීම']",2851,4,ම්...... හා.. හා\nවිකසිත පැතුමන් ඔබෙ ලයේ\nසෙනෙහස මීවිත පිරී\nඑනමුදු අදමෙන් මගේ ලොවේ\nදැල්වුනු පහනද නිවී\nම්...... හා.. හා...මා මත් වීලා..\nනීල නෙතු ඇ‍ගේ පෙර මගේ\nඒ දෙනෙත් අද ‍අනෙතුගේ\nසිත් තුල සුපිපුණ සෙනෙහස් මල් දම්\nමිලින වී... වියොගේ ලං වීලා\nම්...... හා.. හා...මා මත් වීලා..\nමා නොලද ඒ ආදරේ\nඔබේ හද තුල මෝදුවේ\nඑක්කල අතගිලි යළි වෙන් නොවෙනට වසග වී\nපෙම් සිනහ නැන් වේවා\nම්...... හා.. හා...මා මත් වීලා..\nම්...... හා.. හා\n
විහඟක වූ ඔබ,Vihangaka Vu Oba,['අබේවර්ධන බාලසූරිය'],['Abeywardhana Balasooriya'],['බී නානායක්කාරවසම්'],['බී නානායක්කාරවසම්'],['ස්ටැන්ලි පීරිස්'],['ස්ටැන්ලි පීරිස්'],['පැරණි පොප්'],['පැරණි පොප්'],542,0,විහඟක වූ ඔබ මා වෙත අවුදින් අත්තටු සිඳ ගත්තා\nඑනමුදු අද දින නව අත්තටු ලැබ රිසි සේ පියඹනවා\nමට උනුසුම දෙනවා\nසිතු සැප බුදිමින් පාවී ගිය ඔබ\nවැටුනේ අහසින් මේ මහ පොලවට\nදුක මිහිරියි කියලා\nහිනා වුණේ ඔබ ඝණ නිල් අඳුරේ\nරන් එළි වැට වීලා  රන් එළි වැට වීලා\nකන්මැදිරින් එළි ගෙන එහෙ මෙහෙ යන\nරෑ ගොම්මන ඉඳි කඩුල්ල පැන එන\nමගෙ දාහය නිවිලා\nසුසුදු හිනා අතුරනු මැන සසරේ\nතනිකම මග හැරදා  තනිකම මග හැරදා\n
වෙන්වෙන්නවාදෝ,Wenwennawado,['වික්ටර් රත්නායක'],['Victor Rathnayaka'],['කේ.ඩී.කේ.ධර්මවර්ධන'],['කේ.ඩී.කේ.ධර්මවර්ධන'],['සරත් දසනායක'],['සරත් දසනායක'],['චිත්රපට ගීත'],['චිත්රපට ගීත'],2164,0,"වෙන්වෙන්නවාදෝ...ලංවූයේ\nලංවෙන්නවා‍දෝ...වෙන්වූයේ\nමං ආ මඟ නවතින්නම්\nබිදුවක් ඈතින් ඉන්නම්\nසිහිනෙන් ඔබ දැක ගන්නම්\nහැබැහින් ලඟටම එන්නම්\n="" ;""\nදෙන්නා උන්නේ රන්රස සේ පෙම් අරණේ\nආදරේ තාරකා සෝ වලාවේ හැන්ගුනේ\nඇන්දා රන්දා රජ දහනේ පෙම් රජ දහනේ\nඈ සිතේ මා කෙරේ මෝදු වී ආ ආදරේ\n"
වැලි තල අතරේ,Weli Thala Athare,[],[],[],[],[],[],[],[],4453,0,වැලි තල අතරේ හෙමිහිට බසිනා\nනේරංජන නදියේ ගයා හිස\nවැඩ සිට බුදු වුණු දා තිලෝ හිමි\nමොක් සුව ලද මොහොතේ\nසමාධි භාවනා  සමා……ධි භාවනා\nහිම කඳු වැටියේ සීතල සෙවණේ\nචන්දන තුරු පිහිරා\nචන්දන තුරු පිහිරා හැපීඑන\nමල් මුවරද රසිනේ සුවඳ මුසු\nකෝමල මද පවනේ\nගැටීලා පාවෙනා ගැටී…….ලා පාවෙනා\nසත්සර නගලාටික ටික සෙලවී\nසිරි මහ බෝ හිමිගේ\nසිරි මහ බෝ හිමිගේ මනෝහර\nපලුපත් අතු රිකිලි නටා ගිය\nතාලෙහිරස නැගුනා\nසරාගී ජීවනා  සරා……ගී   ජීවනා\nසඟමිත් මෙහෙණිදකුණේ සාකා\nසිරිලක ගෙන ආදා\nසිරිලක ගෙන ආදා සිටම තව\nමහා මෙව්නා උයනේ නටයි කොළ\nවන්නම ලෙස මහබෝ\nසුමිරි නාදෙනා සුමි…….හිරි නාදෙනා\n
වීදි කොණේ,Weedi Kone,['මිල්ටන් මල්ලවාරච්චි'],['Milton Mallawarachchi'],['අජන්තා රණසිංහ'],['අජන්තා රණසිංහ'],['ස්ටැන්ලි පීරිස්'],['ස්ටැන්ලි පීරිස්'],['පැරණි පොප්'],['පැරණි පොප්'],3841,0,වීදි කොනේ මාවත අද්දර හඬනා කිරි දරුවෝ\nකවදා හෝ නුඹ වියපත් වූ දා\nපියා කොහේදැයි මවගෙන් අසනු එපා\nමමත් පියෙකි පුත නුඹ වැනි දරුවකුගේ\nමටත් දැනේ ඔය පොඩිසිත දැවෙන රඟේ\nබලා ඉඳිමි මා නුඹ නළවන්නට\nපොඩි හිස අතගා සුරතල් පුතේ කියා\nපියෙක් ඉඳියි පුත උඹටත් කොතැනක හෝ\nපිනක් නැතිද ඒ සෙවණේ ඉන්න අහෝ\nසිනාසියන් පුත කිරි දත් පෙන්නා\nමා අමතන විට සුරතල් පුතේ කියා\n
වේදනා දෙන්නේ නෑ,Wedana Denne Na,['නාමල් උඩුගම'],['Namal Udugama'],['නාමල් උඩුගම'],['නාමල් උඩුගම'],['නාමල් උඩුගම'],['නාමල් උඩුගම'],['නව පොප්'],['නව පොප්'],1158,4,වේදනා………. දෙන්නේ නෑ\nඔබ හැර මා යන්නේ නෑ\nපාළුවේ………. ඔබ රදවා\nසුවිසල් සාගරේ වගේ නිකැළැල් ආදරේ\nකුලුදුල් ඒ ඔබේ සෙනේ නොයිදුල් සේ හැගේ\nමට මුළු ජිවිතේ පුරා සුවද ගෙනේ\nලතැවුල් නෑ මගේ ලොවේ හසරැල් යාවුනේ\nසිහිලැල් වූ සුවේ ගෙනේ මනලොල් ආදරේ\nමට මුළු ජිවිතේ පුරා සුවද ගෙනේ\n
වත්සුනු සුවඳින්,Wathsunu Suwadin,['සෝමතිලක ජයමහ'],['Somathilaka Jayamaha'],['සෝමතිලක ජයමහ'],['සෝමතිලක ජයමහ'],['සෝමතිලක ජයමහ'],['සෝමතිලක ජයමහ'],['පැරණි පොප්'],['පැරණි පොප්'],1826,4,වත්සුනු සුවඳින් සුවඳ කෙරේයා\nපෙම් කුසුමන් හද පුබුදු කෙරේයා\nආසිරි මංගල ගී පැතිරේයා\nපතිනිය පතිකුලයට පැමිණේයා\nබැඳි සෙනෙහස රන්රස මෙන් වේයා\nසිඳු කුසවන් ගං කොමලිය සේයා\nසිසිවත තුරුලෙහි සා මුව සේයා\nපතිනිය පතිකුලයට පැමිණේයා\nනළලත තිලකය මෙන් සසැඳේයා\nසසර පුරා පැතුවයි පැවසේයා\nකුළඟනකගෙ යහගුණ කියැවේයා\nපතිනිය පතිකුලයට පැමිණේයා\n
වසන්තේ නිදා උන්,Wasanthe Nida Un,['නන්දා මාලනී'],['Nanda Malani'],['සුනිල් ආරියරත්න'],['සුනිල් ආරියරත්න'],['ස්ටැන්ලි පීරිස්'],['ස්ටැන්ලි පීරිස්'],"['සම්භාව්ය', 'ඉල්ලීම']","['සම්භාව්ය', 'ඉල්ලීම']",1357,0,වසන්තේ නිදා උන් යොවුන් කෝකිලාවන්\nගයන්නේ සුපෙම් ගීත හේමන්තයේ දී\nවසන්තේ ළපල්ලෙන් වැසී උන් කුසුම් කැන්\nනටන්නේ පිපී දැන් හේමන්තයේ දී\nවිලාපෙන් විඩා වී රැඳී මං තලාවේ\nවැසී අන්ධකාරෙන් වැටී මං මුලාවේ\nවලාවක් ලෙසින් මා ඇදෙද්දී අයාලේ\nඔබෙන් නෙත් ලැබූයේ හේමන්ත කාලේ\nසුසුම් ලා දිවා රැ වෙළී හුදෙකලාවේ\nඑපා වී සියල්ලන් පලා ආ වෙලාවේ\nතුෂාරෙන් උදා වූ සඳක් සේ නිශාවේ\nඔබයි නෙත් සැදූයේ හේමන්ත කාලේ\n
වසන්තයේ මල් කැකුළයි,Wasanthaye Mal Kakulayi,['ඉන්ද්\u200dරානි පෙරේරා'],['Indrani Perera'],['ක්ලැරන්ස් විජේවර්ධන'],['ක්ලැරන්ස් විජේවර්ධන'],['ක්ලැරන්ස් විජේවර්ධන'],['ක්ලැරන්ස් විජේවර්ධන'],['ගෝල්ඩන් පොප්'],['ගෝල්ඩන් පොප්'],676,4,වසන්තයේ මල් කැකුළයි\nදසන්තයේ නළ රැල්ලයි\nමගේ ගෙලේ හර සොල්ලයි\nඔබේ නෙත් කැළුම් ඉල්ලයි\nඅදත් මගෙ අතින් අල්ලයි\nගලින් ගලට පැන දිදුළන පෙණ කැටි මත්තේ\nමලින් මලට ඉගිලෙන සමනළ තටු මත්තේ\nලියා එවන්නද කරුණක් මා ඔය පැත්තේ\nබලා සිටින්නෙමි තවමත් ඇයි ඔබ නැත්තේ\nඈත මග දිහා බලලා නෙත කකියනවා\nහිතේ කාන්සිය හා මට තරහත් එනවා\nපාඩමක් උගන්වන්නම් නෑවිදින් ඉඳින්නම් හෙට\nආපුදෙන් මගේ හැටි මම කියාල දෙන්නම්\n
වසන්තයේ මල් කැකුළයි,Wasanthaye Mal Kakulayi,['ඉන්ද්\u200dරානි පෙරේරා'],['Indrani Perera'],['ක්ලැරන්ස් විජේවර්ධන'],['ක්ලැරන්ස් විජේවර්ධන'],['ක්ලැරන්ස් විජේවර්ධන'],['ක්ලැරන්ස් විජේවර්ධන'],['ගෝල්ඩන් පොප්'],['ගෝල්ඩන් පොප්'],1134,4,වසන්තයේ මල් කැකුළයි\nදසන්තයේ නළ රැල්ලයි\nමගේ ගෙලේ හර සොල්ලයි\nඔබේ නෙත් කැළුම් ඉල්ලයි\nඅදත් මගෙ අතින් අල්ලයි\nගලින් ගලට පැන දිදුළන පෙණ කැටි මත්තේ\nමලින් මලට ඉගිලෙන සමනළ තටු මත්තේ\nලියා එවන්නද කරුණක් මා ඔය පැත්තේ\nබලා සිටින්නෙමි තවමත් ඇයි ඔබ නැත්තේ\nඈත මග දිහා බලලා නෙත කකියනවා\nහිතේ කාන්සිය හා මට තරහත් එනවා\nපාඩමක් උගන්වන්නම් නෑවිදින් ඉඳින්නම් හෙට\nආපුදෙන් මගේ හැටි මම කියාල දෙන්නම්\n
වසන්තයේ අග,Wasanthaye Aga,['එඩ්වඩ් ජයකොඩි'],['Edward Jayakody'],['කප්ලියා කුමාර කාලිංග'],['කප්ලියා කුමාර කාලිංග'],['රෝහණ වීරසිංහ'],['රෝහණ වීරසිංහ'],['පැරණි පොප්'],['පැරණි පොප්'],2693,0,වසන්තයේ අග හමුවෙමු සොඳුරියෙ\nලවැලි තලාවක විසුල කුසුම් මත\nඅතිනත ගෙන පෙර නොකී කතා අසා\nඅළුතින් සුසුමක් ගෙන වෙන්වී යමු\nලා සඳ නැගෙනා.. ….හෝරාවේ..\nගිමන් නිවන්නට ජීවිතයේ\nයලි කෙදිනද ඉඩ සැලසෙන්නේ\nනොදනිමු එය අප නොවී පමා\nපියවර මැන යමු.. යොදුන් ගෙවා..\nදොරගුලු හැරලමු අප දෙහදේ\nහිනැහෙමු පෙර අපි පැතූ ලෙසේ\nකිසිවෙකු නොදකින නිහඬ පැයේ\nතනිවෙමු මොහොතක්.. අපේ ලොවේ..\n
වාසනාව දොර ඇරලා,Wasanawa Dora Arala,"['එච්.ආර්.ජෝතිපාල', 'එම්.එස්. ප්\u200dරනාන්දු']","['H.R.Jothipala', 'M.S.Fernando']",['කරුණාරත්න අබේසේකර'],['කරුණාරත්න අබේසේකර'],['සරත් දසනායක'],['සරත් දසනායක'],"['කණ්ඩායම් ගීත', 'චිත්රපට ගීත']","['කණ්ඩායම් ගීත', 'චිත්රපට ගීත']",1700,3,වාසනාව දොර ඇරලා බලනවා\nසිහින ලොවින් සිත පිබිදෙනවා\nහිනා හීනෙන් දැකලා ජීවිතේ රහ වැටිලා\nඅපේ හිතේ හිනා ඇඳේ සෝක නිවීලා\nඇසට ඇසක රැස් වැදී හිතක නෙළුම් මල් පිපී\nමුළු ලෝකේ මඟුල් ගෙයක් වේ\nසන්තෝසේ ආවේ මල් සිහිනේ යාවේ\nදුක සෝකේ යයි ඇතක පාවීලා\nසිහින තොටිල්ලේ වැදී දෑස ආදරෙන් හිඳී\nපෙම් ලෝකේ රන් තොරන් බඳී\nසන්තෝසේ ආවේ මල් සිහිනේ යාවේ\nදුක සෝකේ යයි ඇතක පාවීලා\n
වසන් කරන්නට,Wasan Karannata,['මාලනී බුලත්සිංහල'],['Malani Bulathsinhala'],['බන්දුල ගුණවර්ධන'],['බන්දුල ගුණවර්ධන'],['එච්.එම්.ජයවර්ධන'],['එච්.එම්.ජයවර්ධන'],['පැරණි පොප්'],['පැරණි පොප්'],1114,6,වසන් කරන්නට බෑ මගෙ හිත අද\nපෙම් මල් පූදිනවා\nසෙනෙහස ඉපදී සුවඳින් මත් වී\nපෙම් මල් පූදිනවා\nසිහිලට දැනෙනා ගින්දර දැක දැක\nසිත දොඩමළු වෙන්නේ\nවැළපෙන පෙම් ලොව කඳුළ දකින්නද\nපෙම් මල් පූදින්නේ\nදෙතොලග පීදෙන රිදී ඉරක මතු\nමිහිරද පවසන්නේ\nවැළපෙන පෙම් ලොව කඳුළ දකින්නද\nපෙම් මල් පූදින්නේ\n
වරදක් කලත්,Waradak Kalath,['සනත් නන්දසිරි'],['Sanath Nandasiri'],['ප්\u200dරනීත් අබයසුන්දර'],['ප්\u200dරනීත් අබයසුන්දර'],['සනත් නන්දසිරි'],['සනත් නන්දසිරි'],['පැරණි පොප්'],['පැරණි පොප්'],2395,0,වරදක් කලත් සිතකින් නොවේ\nරිදවන්නෙ පලිගන්නේ ඇයි\nඔබ මෙන් ඇයත් ඇය මෙන් ඔබත්\nමට මාගෙ ඇස් දෙක වගෙයි\nඔබෙ ගිනි නිවා ඇගේ සිත දවා\nඅප එක් වෙලා කුමටදෝ\nඔබෙ ගිනි නිවා ඇගේ සිත දවා\nඅප එක් වෙලා කුමටදෝ\nවෙනසක් නොවේ මගෙ හිස් අතින්\nපිසලන්නෙ කොයි කඳුල දෝ\nඅසරණ ඔබයි තනි වුනු ඇයයි\nමට සාප කල යාවිදෝ\nඅසරණ ඔබයි තනි වුනු ඇයයි\nමට සාප කල යාවිදෝ\nඔබේ ලොකයෙන් ඇගෙ ලොකයෙන්\nසමු ගන්න සිදු වේවිදෝ\n
වනන්තරේ මහ රූස්ස,Wananthare Maha Roossa,['විජය කුමාරතුංග'],['Vijaya Kumarathunga'],['සුනිල් ආරියරත්න'],['සුනිල් ආරියරත්න'],['එච්.එම්.ජයවර්ධන'],['එච්.එම්.ජයවර්ධන'],"['පැරණි පොප්', 'ඉල්ලීම']","['පැරණි පොප්', 'ඉල්ලීම']",2375,6,තව ටික දොහයි මාසේ අන්තිම වෙන්න\nමගෙ රත්තරන් අම්මේ\nමං පඩි අරන් අද හෙට එනතුරු ගමට\nතිස්තුන් කෝටියක් දෙවි පිහිටයි උඹට\nවනන්තරේ මහ රූස්ස ගහ කොළ\nබිමට සමතලා කර අම්මේ\nරාස්සයින් වගෙ යන්ත්‍ර සූත්තර\nමහ සද්දෙන් යනවා අම්මේ\nසිමෙන්ති කළු ගල් ලොරි පිට පටවා\nවේල්ල බඳිනා හැටි අම්මේ\nබලාන ඉන්නට දවසක උඹවත්\nඑක්කරගෙන එන්නම් අම්මේ\nබින්තැන්නේ මං දහ දුක් විඳලා\nමෙදා ගමට ආ දා අම්මේ\nඋඹේ අතින් මගෙ දෑතේ කරගැට\nඅතගාලා නාඬන් අම්මේ\nමහියංගණයේ හේවිසියේ හඬ\nහැන්ඳෑවට ඇහුනම අම්මේ\nසිල් අරගෙන නුඹ ඉන්නා තාලය\nඅනේ මතක් වෙනවා අම්මේ\nවත්ත පහල පොල් අතු ඇහිදින්නට\nඋදෙන්ම යන්න එපා අම්මේ\nඋදේ රැයින් ඔය පිනි බාලා උඹ\nලෙඩා දුකා වෙයි මගෙ අම්මේ\nගිනි මද්දහනේ බැරි බැරි ගාතේ\nගම්මැද්දේ නොගිහින් අම්මේ\nරැයක් නෑර මට හීනෙන් පෙනි පෙනි\nමං එනතුරු ඉඳහන් අම්මේ\n
වන සිව්පාවුන්,Wana Siupavun,['චන්ද්\u200dරලේඛා පෙරේරා'],['Chandralekha Perera'],['සුනිල් ආරියරත්න'],['සුනිල් ආරියරත්න'],['රෝහණ වීරසිංහ'],['රෝහණ වීරසිංහ'],"['සම්භාව්ය', 'චිත්රපට ගීත']","['සම්භාව්ය', 'චිත්රපට ගීත']",4547,0,වන සිව්පාවුන් වැනි මිනිසුන් මැද\nදෙවි දේවතාවුන් වැනි මිනිසුන් ඇත\nඒ දේවතාවන් දිව්‍යාංගනාවන්\nමනු ලෝ තලයේ වාසනාවන්\nවල් මත් වූවන් දැක මහ වන මැද\nයා යුතු මාවත පෙන්වා\nඒ දෙස බලමින් සැනසෙන මිනිසුන්\nඉටු දෙවියන් ලොව සිටිනා\nකඳුලු සලන්නන් කඳුලින් ගොඩ ගෙන\nමුවගේ හසරැල් රඳවා\nතුටු කඳුලින් නෙතු සරසන දෙවියන්\nපුද දෙමු දෙවොලට කැඳවා\n
වන දෙව්ලිය,Wana Dewliya,['ඉන්ද්\u200dරානි පෙරේරා'],['Indrani Perera'],['ක්ලැරන්ස් විජේවර්ධන'],['ක්ලැරන්ස් විජේවර්ධන'],['ක්ලැරන්ස් විජේවර්ධන'],['ක්ලැරන්ස් විජේවර්ධන'],['ගෝල්ඩන් පොප්'],['ගෝල්ඩන් පොප්'],1411,4,වන දෙව්ලිය තුරුලේ සැතපෙන සීගිරියේ\nපෙරකල සිත්තරුවෝ බිතු සිතුවම් නෙළුවෝ\nසිත පණ ගන්වන හදේ නිදන්වන\nරූබර ළඳුනගෙ මදහස පෙන්වන…\nකලා වැවේ සුළඟින් ඇගෙ ගත සලිත වෙලා\nකලා රසික හෙළයන් සීගිරි අඟන නෙළා\nසඳ වැනි මුව ඇති රූබර ළඳුනනි\nකලා රසය ලොව හඬගා කියමිනි…\nදහස් ගණන් නරඹා සීගිරි බැස යනවා\nකලා රසය හොබවා සිතුවම් පවතිනවා\n
වෙරළු ගෙඩිය,Veralu Gediya,['සුනිල් එදිරිසිංහ'],['Sunil Edirisinghe'],['වසන්ත කුමාර කොබවක'],['වසන්ත කුමාර කොබවක'],['වික්ටර් රත්නායක'],['වික්ටර් රත්නායක'],['සම්භාව්ය'],['සම්භාව්ය'],2011,4,වෙරළු ගෙඩිය හරි අටකට කපා ගෙන\nකොටහක් නොකා දෙගුරුන්ටත් තබාගෙන\nඋන් අපි එදා සත් කුළු පව් විලාසෙන\nපැල ඉනි වැටට ඇයි අද ඇණ කොටා ගෙන\nපොඩි උන් දොහේ මල් මතකය ඉරාගෙන\nහොඳ හිත ගිහින් උඩු හුළඟට ගසාගෙන\nමහගෙයි බිමට තනි උරුමය කියාගෙන\nසතුරන් වෙලා උනුනට දෙස් තියාගෙන\nතිරිසන් උනෝතින් කිසි හව්හරණ නැති\nලන්දක කකා ලන්දක කල් යල් හරිති\nඑක මිහි සයන කාටත් නිදි සුවය දෙති\nබිම් පංගුවට ලොල් වී මළගම් නොයති\n
විදුලි මිණි පහන්,Viduli Mini Pahan,['Gunadasa Kapuge'],['Gunadasa Kapuge'],['ලූෂන් බුලත්සිංහල'],['ලූෂන් බුලත්සිංහල'],['Gunadasa Kapuge'],['Gunadasa Kapuge'],"['සම්භාව්ය', 'පැරණි පොප්']","['සම්භාව්ය', 'පැරණි පොප්']",2621,0,විදුලි මිණි පහන් දැවී බොළඳ ගී සිනා රැළී\nනිලංකාර අදුරේ සිරවී සැඳෑ සාදයේ\nකුරා කුහුඹු මිනිසා වෙමි මා ඔබේ මන්දිරේ\nකුරා කුහුඹු මිනිසා වෙමි මා ඔබේ මන්දිරේ\nඑන්න කන්න බොන්න මිහිරේ සැමටයි ආරාධනා\nඔබේ හඬ කිදී සිදී යයි කතා සරිත් සාගරේ\nඔබේ හඬ කිදී සිදී යයි කතා සරිත් සාගරේ\nසුරාගෙන පිරූ විතේ විසුළු කෙලි නැටුම් සිනා\nයොමා ඇස බලන් යළි සොඳුරේ මැදුරු දොර දිහා\nදෙන්න කන්න බොන්න නොකියා දෙනෙතින් ආරාධනා\nදෑත පා ඉඳුල් යදී ඇස් ගයා හංස ගීතිකා\nදෑත පා ඉඳුල් යදී ඇස් ගයා හංස ගීතිකා\nඔබේ මන්දිරෙන් එහාමගේ ලොව බලා සිටී\nපළා යයි ඔබේ ලොවෙන් මා දෙපා සමු නොදී\n
වීණා බිඟු වීණා,Veena Bingu Veena,[],[],[],[],[],[],[],[],1756,1,වීණා බිඟු වීණා පවසන්නේ ආදරේ\nසේනා බිඟු සේනා විමසන්නේ ආදරේ\nනිල් උපුල් සිනා දී යදින්නේ ආදරේ\nවීණා බිඟු වීණා පවසන්නේ ආදරේ\nරෑට සසැලෙන්නෙ පැරදී හැඬූ තාරකා\nදෑත ළතැවෙන්නෙ ඒ දෑත තනි වූ නිසා\nසිහින මායාවෙ පැටලීලා නින්දේ පවා\nදෑස විමසන්නෙ හුරු දෑසදෝ\nසීත සඳ කැල්ම කිරි සාගරේ නැවතිලා\nවාසනාවන්ත තුරු වැල් එතී ළං වෙලා\nප්‍රේම ආලිංගනේ රංගනේ මත් වෙලා\nදෑස නලවන්න සිත් වූවදෝ\n
වාසිටි කොල්ලෝ,Vasity kollo (Kesara sinhayo),['ධර්මරත්න සහෝදරයෝ'],['Dharmarathna brothers'],['මිල්රෝයි ධර්මරත්න'],['මිල්රෝයි ධර්මරත්න'],['මිල්රෝයි ධර්මරත්න'],['මිල්රෝයි ධර්මරත්න'],"['කැලිප්සෝ', 'කණ්ඩායම් ගීත']","['කැලිප්සෝ', 'කණ්ඩායම් ගීත']",144,6,නවීන පන්නේ ගතිගුණ අපිට තියෙන්නේ\nකේසර සිංහයෝ අපියි වාසිටි කොල්ලෝ\nසතුටින් ඉන්නේ හන්තානේ රජදහනේ\nකේසර සිංහයෝ අපියි වාසිටි කොල්ලෝ\nකේසර සිංහයෝ අපියි වාසිටි කොල්ලෝ\nමැණිකෙල මැණිකෙලා උඩරට පැත්තේ\nනෝනලා නෝනලා කොළඹ පලාතේ\nමැණික උනත් එක විදිහයි නෝන උනත් එක විදිහයි\nමැණික උනත් නෝන උනත් නවක වදේමයි\nබිඒ බිඒ ගන්නයි එන්නේ\nලෙක්චර් ලෙක්චර් අහගෙන ඉන්නේ\nඩිග්රි ඇතත් සැලකිලි  ඩිග්රි නැතත් සැලකිලි\nගෑනු  උනත් පිරිමි උනත් එකම සැලකිලි\n
උතුරු කොනේ,Uthuru Kone,['Gunadasa Kapuge'],['Gunadasa Kapuge'],['චිත්\u200dරා වාකිෂ්ඨ'],['චිත්\u200dරා වාකිෂ්ඨ'],['Gunadasa Kapuge'],['Gunadasa Kapuge'],['පැරණි පොප්'],['පැරණි පොප්'],4709,0,උතුරු කොනේ නුඹ හිනහේ නඩරාජා මල්ලියේ\nදකුණු කොනේ නුඹ හිනහේ  සුමනසිරි මල්ලියේ\nඋතුරු කොනේ නුඹ හිනහේ සෙල්ලම්මා නංගියේ\nදකුණු කොනේ නුඹ හිනහේ  සෙනෙහෙලතා නංගියේ\nකොතැනක හිටියන් ඉපදුනු මියයන\nබිම එක නේ දෝ...\nඒ බිම එක්වී සුරකින යුතුකම\nඅප සතු නේදෝ\nඑක මවකගේ දරු කැල සේ හිනැහී\nඉන්නයි සැමදා...\nනෙතු හමුවට කදුලැල්ලක් ලන්\nනොමවන්නයි කිසිදා\n
උතුරින් එන,Uthurin Ena,['කරුණාරත්න දිවුල්ගනේ'],['Karunaratna Divulgane'],['මහින්ද දිසානායක'],['මහින්ද දිසානායක'],['Gunadasa Kapuge'],['Gunadasa Kapuge'],['නව පොප්'],['නව පොප්'],1026,6,උතුරින් එන දුම්රියෙ දේවී\nකවුළුව ළඟට වෙලා\nනොරවන් මට දේවී නැත මා\nකිසි වරදක් කරලා\nමාල තෝඩු තාලි සිලම්බු\nඅමනාපෙන් අහක බලන්නේ\nඔය නෝක්කඩු බැලුම් යටින්\nසෙනෙහසදෝ හඬා වැටෙන්නේ\nගම හැරදා නුඹ ගියදා\nකෝවිල් යන හිත වැළපෙන්නේ\nඅපි දෙවියන් සමගයි තව ඉන්නේ\nසිනා සිසී ඔබ බිමට බසින්නේ\n
උස්සන්ගොඩ,Ussangoda,['චාමර වීරසිංහ'],['Chamara Weerasinghe'],['Kavi Keerthi himi'],['Kavi Keerthi himi'],['නවරත්න ගමගේ'],['නවරත්න ගමගේ'],"['වත්මන් ගීත', 'නව පොප්']","['වත්මන් ගීත', 'නව පොප්']",1909,4,උස්සන්ගොඩ කදු මුදුනට සිසිල ගෙන එන\nසන්ද්‍යාවේ සුලගත් මට නොදෙයි සැනසුම\nසිත්තම් කල සිතලග සුන්දර පෙම් සිහින\nදුක් දෙන්නට නපුරු උනේ නුබ මට කොහොම\nනිවාඩුවට එදාවගේ ආවෙ ගම රට\nමගේ පුංචි කුමාරියගේ මුහුණ දකින්නට\nහදාගන්න බැරිතරමට රිදුනෙ මගෙ හිත\nඔයා නැවතිලා මට හිමි නොමැති ලෝකෙකෙ\nඑදා තුරුලු වී මට දුන් මදුමල් සුවද\nසදා සිහිකරයි වැටකේ ගහයට හෙවන\nකඩාහැලෙන කදුලැල් මුසු වෙලා සයුරට\nසදාතනික පැතුමන් මිමිණුවා හදවත\n
උපුල් නුවන් විදහා,Upul Nuwan Vidaha,['මිල්ටන් මල්ලවාරච්චි'],['Milton Mallawarachchi'],['ඒ විනයාගරත්නම්'],['ඒ විනයාගරත්නම්'],['නිමල් මෙන්ඩිස්'],['නිමල් මෙන්ඩිස්'],['චිත්රපට ගීත'],['චිත්රපට ගීත'],3248,1,උපුල් නුවන් විදහා ඔබ සිනාසුණා මම සිනාසුණා\nපුළුන් පොදක් කළ මා ළඳකි වාසනා නම මෝනාලිසා\nහද පාරන මාරුතයේ ඔබ ආ හැටි ආදරියේ\nහැමදාකම මා පැතුවේ සුවඳයි මලයි ඔබමයි\nගිමන් නිවා යන ගමනේ වාරු නගාලා\nතුරුල් වුණා ඇය හිරිපොද හැඟුම් සලාලා\nපැතුම් විමානේ දැල් කවුළුවෙන් බලාලා\nදුටු වුවනයි නිසල කළේ මා හද ජාලා\n
උන්මාද සිතුවම්,Unmada Sithuwam,['Gunadasa Kapuge'],['Gunadasa Kapuge'],['සුනිල් ආරියරත්න'],['සුනිල් ආරියරත්න'],['සරත් දසනායක'],['සරත් දසනායක'],"['සම්භාව්ය', 'චිත්රපට ගීත', 'පැරණි පොප්']","['සම්භාව්ය', 'චිත්රපට ගීත', 'පැරණි පොප්']",5149,0,උන්මාද සිතුවම් මැවේ බිඳේ\nමිහිඳුම් වලා මැද අතීතයේ\nබිඳුනු පෙමින් ගිනිගත් හදවත්\nතනිවේවි එක්‌ටැම් ගේ\nඅනන්ත සයුරේ බියකරු දිවි දියඹේ\nපාළු හුදෙකලා සුළඟ පමණී උරුමේ\nකඩා හැලෙන සිත සදා සරණ මට\nතනිවේවී එක්‌ටැම් ගේ\nදහසක්‌ මල් මැද එකම මලයි පැතුවේ\nඑමල කිමද සරදම් කර සැඟව ගියේ\nදැනේ තවම මට මලේ සුවඳ පොද\nතනිවේවී එක්‌ටැම් ගේ\n
උපුල් කොපුල්,Upul Kopul,['මිල්ටන් මල්ලවාරච්චි'],['Milton Mallawarachchi'],['කේ.ඩී.කේ.ධර්මවර්ධන'],['කේ.ඩී.කේ.ධර්මවර්ධන'],['වික්ටර් රත්නායක'],['වික්ටර් රත්නායක'],['පැරණි පොප්'],['පැරණි පොප්'],1003,0,උපුල් කොපුල් වෙහෙසී ඇතේ\nසුරත් නුවන් පියවී යතේ\nතොලේ අමා ගෑවේ එහා ලොවේ පාවේ\nහදේ තැවුල් තුනිවී යතේ\nහිරුයි සඳූයි තරුයි නැඟී පායා\nනොනිවී තියේදෝ දිලී\nපිණි වාගේ වැනසේවී\nඔබගේ ඇයගේ යොවුන් වසන්තේ\nපමා වෙලා නෙතින් සළා සෝකේ\nලොවේ දිනූ කිසිවෙක් නැතේ ...\nපිණි වාගේ වැනසේවී\nඔබගේ ඇයගේ යොවුන් වසන්තේ\n
උලත් එකයි,Ulath Ekai,['රූකාන්ත ගුණතිලක'],['Rookantha Gunathilaka'],['රූකාන්ත ගුණතිලක'],['රූකාන්ත ගුණතිලක'],['රූකාන්ත ගුණතිලක'],['රූකාන්ත ගුණතිලක'],['නව පොප්'],['නව පොප්'],2812,0,උලත් එකයි පිලත් එකයි මලත් එකයි නැතත් එකයි\nඅපි හැමදා සොමියේ ඉන්නවා\nදෙයියෝ දනී අපි නොදනී  මැරෙන දවස කවුරු කියනවා\nඇතත් එකයි නැතත් එකයි ලඟත් එකයි දුරත් එකයි\nමඩ කාලයි මෙතන්ට ආවේ\nනගේ මලේ ඇලේ දොලේ අපෙ කටහඬ තාම ඇහෙනවා\nකිව්වට කිව්වට ගී වැල් ගොතලා\nකියනවා කියනවා සී පද හදලා\nආදරේට ඕනි දෙයක් කරන්න හැකිලු\nසල්ලි නැතත් රජ වෙනවාලු\nපවුරු බැඳලා අකුල් හෙලලා ආදරයක් එපා කපන්න\nඅඩිය අඩිය තියල නගින මිනිහා දිහා එපා රවන්න\nඅපිත් එක්ක ඔබ ආවොත් හිනා වෙනවා හැමදාමත්\nමේ කියන්නේ ඇත්තයි මල්ලි\nඅනාගතය කොහොම වෙයිද\nහිතලා හිතලා ඇයිද තැවෙන්නේ\nපර්ස් එකේ කෑෂ් නැතේ කියා ඇයිද හිතින් අඬන්නේ\nඅපිත් එක්ක ඔබ ආවොත් හිනා වෙනවා හැමදාමත්\nමේ කියන්නේ ඇත්තයි මල්ලි\n
උළලේනෝ,Ulaleno,['Gunadasa Kapuge'],['Gunadasa Kapuge'],['රන්බණ්ඩා සෙනෙවිරත්න'],['රන්බණ්ඩා සෙනෙවිරත්න'],['සේන වීරසේකර'],['සේන වීරසේකර'],['සම්භාව්ය'],['සම්භාව්ය'],7297,0,පාළුව දෙවනත් කරලා නාඬන් උළලේනෝ..\nකාටත් නපුරු දා තනිකම් ඇතිවෙනවා\nඋළලේනෝ…‍……..උළලේනෝ\nහීත හුලංහිරිකඩයි කැලේ අපට උරුමේ\nඋඹට පිහාටුයි මට පැල්පතයි තියෙන්නේ\nඋළලේනෝ…‍……..උළලේනෝ\nඉහිරුණ කිරි කොතලෙට ඉකි බිඳලා ඵල නැහැ\nඋඹටත් එක්කයි මේ පැල් කවිය කියන්නේ\nඋළලේනෝ…‍……..උළලේනෝ\nසංසාරේ හැටි තමයි වියෝග ඇති වන්නේ\nනිවනට ගිය දා මේ හැම ‍දුක් නැතිවන්නේ\nඋළලේනෝ…‍……..උළලේනෝ\n
උකුලට නාවත්,Ukulata Nawath,['රූකාන්ත ගුණතිලක'],['Rookantha Gunathilaka'],['අජන්තා රණසිංහ'],['අජන්තා රණසිංහ'],['රූකාන්ත ගුණතිලක'],['රූකාන්ත ගුණතිලක'],['ආශ්වාදජනකයි'],['ආශ්වාදජනකයි'],2490,0,මා ඔබ ළඟ අම්මේ\nඋකුලට නාවත් එදා වගේ\nමා පොඩි පුතු අම්මේ\nයොදුනක් ඈතින් උන්නත් මා\nමා ඔබෙ ලග අම්මේ\nමා ඔබ ළඟ අම්මේ\nකටු කොහොලින් පිරි මට හිමි ලොකේ\nඔබ සරණයි අම්මේ\nරෑ දහවල මට සෙවනෙල්ලක් වේ\nසුවද ඔබෙ අම්මේ\nමා ඔබ ලග අම්මේ\nඅත පය දෑඩිවි වෑඩිහිටි වුමා\nඔබ සෙවනේ අම්මේ\nකුරා කුහුඹුවෙකි දිය රෑස් දහරේ\nමතු මතුදා අම්මේ\nමා ඔබ ලග අම්මේ\n
උදුම්බරා,Udumbara,['දයාරත්න රණතුංග'],['Dayarathna Ranathunga'],['උපාලි ධනවලවිතාන'],['උපාලි ධනවලවිතාන'],['සරත් දසනායක'],['සරත් දසනායක'],['පැරණි පොප්'],['පැරණි පොප්'],1500,4,උදුම්බරා මනාලියේ\nරුවින් උතුම් කුමාරියේ\nඋදුම්බරා\nඅංජන මධු සුවඳ පැනින් රෑ සිරි වත දොවා\nරංගන මනමාල බැලුම් දෑස කොනේ මවා\nඔබේ ලොවට මා ගෙන යන උදුම්බරා මනාලියේ\nප්‍රේම විමන් දොරටු වසන් රුවින් උතුම් කුමාරියේ\nකෝකිල රජ දහන් පවා හඩින් උමතු වෙලා\nසීගිරි සුර දූත ලඳුන් හොරෙන් මුකුළු කලා\nඔබේ ලොවට මා ගෙන යන උදුම්බරා මනාලියේ\nප්‍රේම විමන් දොරටු වසන් රුවින් උතුම් කුමාරියේ\n
උඩවැඩියා මලක්,Udawadiya malak,['චාමර වීරසිංහ'],['Chamara Weerasinghe'],['Kavi Keerthi himi'],['Kavi Keerthi himi'],['රෝහණ වීරසිංහ'],['රෝහණ වීරසිංහ'],['වත්මන් ගීත'],['වත්මන් ගීත'],1985,4,උඩවැඩියා මලක් වෙලා දුරින් උන්නට\nහිත පාරමි පුරන්නෙ දුර ඈත් ඉඳන්ම\nඋඩවැඩියා කුමාරි රජ මැදුරෙ උපන්න\nමට අවසර නැත්ද ඇවිත් නෙලා ගන්නට\nඇස ඉවතට ගන්නට පවා නොහැකි තරම්ම\nමගෙ හිත ඔබ ළඟ නැවතී මටත් හොරෙන්ම\nලෙන්ගතු වූ ලය සුසුමින් සිදුරු කරන්න\nසුන්දර ඔබ නපුරු උනේ කොහොම කියන්න\nපෙම්බර ලොව සිතැඟි සුවඳ ටිකක් විඳීන්න\nආදරයේ නැවුම් සුවඳ අරගෙන එන්න\nමගෙ හද හිමිකාරිය ඔබ මගෙයි කියන්න\nදුරින් ඉන්න එපා තවත් මට රිද්දන්න\n
උඩරට නිළිය,Udarata Niliya,['ඇනස්ලි මාලවන'],['Annesley Malawana'],['ක්ලැරන්ස් විජේවර්ධන'],['ක්ලැරන්ස් විජේවර්ධන'],['ක්ලැරන්ස් විජේවර්ධන'],['ක්ලැරන්ස් විජේවර්ධන'],['පැරණි පොප්'],['පැරණි පොප්'],2148,0,උඩරට නිළිය හැඩ වගේ\nරතැඟිලි ඇගේ සැලෙන හැටි අගේ\nමල් පැණි බොන්නට පොරකන\nමීමැසි රංචුව වගේ\nඇගේ රතැඟිලි සැලෙන හැටි අගේ\nසිංහල ජාතියට ගරු සරු\nලබා දෙවන උඩරට නිළිය\nඔබේ සියුමැලි මඳ සිනහව\nරන් පැහැ දෙතොලට ඉනාව\nඇගේ රතැඟිලි සැලෙන හැටි අගේ\nබෙර පද තාලයට පා තබා\nනරඹන්නන් මන් මත් කරලා\nසොඳුරු නිළිය අපේ නාලිය\nඋඩරටටම හැඩකාරිය\nඇගේ රතැඟිලි සැලෙන හැටි අගේ\n
උඩරට මැණිකේ මනහර,Udarata Manike manahara,['සී.ඩී.ෆොන්සේකා'],['C.D.Fonseka'],['කරුණාරත්න අබේසේකර'],['කරුණාරත්න අබේසේකර'],['පැට්\u200dරික් දෙනිපිටිය'],['පැට්\u200dරික් දෙනිපිටිය'],['කැලිප්සෝ'],['කැලිප්සෝ'],537,6,උඩරට මැණිකේ මනහර කඳුරට තිලකේ\nකඳුරට තිලකේ මනහර උඩරට මැණිකේ\nඔසරි මාල වළලු කූරු හවඩි ඔබට හරි හැඩයි\nඔසරි මාල වළලු කූරු හවඩි ඔබට හරි හැඩයි\nසුනිල් ජලේ රණ හංසිය වාගේ\nලළිත ගමන සිත නලවයි මගේ\nසුභ ගමන් යන්න සැන්දෑවට නුවර වැව වටේ\nමිණි පහන ඔබයි කන්ද උඩරටේ\nතෙල් මල් ගෙන දළදා මන්දීරේ\nවඳින්න යයි පියගැටපෙල පාරේ\nහිනැහිලා බලන එක බැල්මට වැවේ මල් පිපේ\nමනමාලි ඔබයි කඳුකරේ අපේ\nනුවර ඇසළ පෙරහැර ඇති කාලේ\nමුලු රටම දකී ඔබෙ කෝමල තාලේ\nමට මලක් වෙන්න හිතයි ප්‍රියේ ඔබේ පෙම් විලේ\nරූ රැජින තමයි මැණික සිංහලේ\n
උඩරට කඳුකරයේ,Udarata Kandukaraye,['ඇනස්ලි මාලවන'],['Annesley Malawana'],['ක්ලැරන්ස් විජේවර්ධන'],['ක්ලැරන්ස් විජේවර්ධන'],['ක්ලැරන්ස් විජේවර්ධන'],['ක්ලැරන්ස් විජේවර්ධන'],['පැරණි පොප්'],['පැරණි පොප්'],2793,0,උඩරට කඳුකරයේ බැස යන සුන්දරියේ\nසුකොමල දුන්හිඳ සුරතලියේ ඔබ\nහෙළයට සිරිය ගෙනේ\nකඳුගැට පටලා මීදුම පටලා\nසිරියෙන් රඟන සැටී\nනුඹට රිදේ නම් හිමිහිට වැටියන්\nදුන්හිඳ මනමාලී\nගලපිට වැටෙනා දිය රැලි පුපුරා\nමතුවෙයි කඳුළු කැටී\nනුඹට රිදේ නම් හිමිහිට වැටියන්\nදුන්හිඳ මනමාලී\n
උඩඟු ලියන්,Udangu Liyan,['නන්දා මාලනී'],['Nanda Malani'],['ඩෝල්ටන් අල්විස්'],['ඩෝල්ටන් අල්විස්'],['පණ්ඩිත් අමරදේව'],['පණ්ඩිත් අමරදේව'],['ආශ්වාදජනකයි'],['ආශ්වාදජනකයි'],1104,0,උඩඟු ලියන් ගොතා බඳින\nනීල වරල සරසන්නට\nමා පිපුනේ නැත මේ දෙරණේ\nහිස් මිනිසුන් කුස් පුරවන\nසිත් පුරවන බස් දොඩවන\nබොජුන් මේස මත සුවඳ හමන්නට\nමා පිපුනේ නැත මේ දෙරණේ\nරට වෙනුවෙන් සටනට වැද දිවිදුන්\nරණවිරුවකුගේ අවසන් ගමනට\nයන මහ ජනතා පා දූවිල්ලෙන්\nතැළී වෙළී සැනහී මියයන්නෙම් ...\n
